{"cameraMode":{"drawMode":0,"name":"Shaded","section":"Shading Mode"},"sceneLighting":true,"audioPlay":false,"sceneViewState":{"m_AlwaysRefresh":false,"showFog":true,"showSkybox":false,"showFlares":true,"showImageEffects":true,"showParticleSystems":true,"showVisualEffectGraphs":true,"m_FxEnabled":true},"in2DMode":false,"pivot":{"x":0.35574108362197878,"y":4.040445804595947,"z":2.7993531227111818},"rotation":{"x":0.0007321147713810206,"y":0.9129647016525269,"z":-0.40804487466812136,"w":0.0016455466393381358},"size":0.0022623538970947267,"orthographic":false}