{"cameraMode":{"drawMode":0,"name":"Shaded","section":"Shading Mode"},"sceneLighting":true,"audioPlay":false,"sceneViewState":{"m_AlwaysRefresh":false,"showFog":true,"showSkybox":false,"showFlares":true,"showImageEffects":true,"showParticleSystems":true,"showVisualEffectGraphs":true,"m_FxEnabled":true},"in2DMode":false,"pivot":{"x":-5.717568397521973,"y":5.431085586547852,"z":2.9601683616638185},"rotation":{"x":-0.0027645830996334554,"y":0.7531862258911133,"z":-0.6577991247177124,"w":-0.0031667686998844148},"size":15.835394859313965,"orthographic":true}