{"cameraMode":{"drawMode":0,"name":"Shaded","section":"Shading Mode"},"sceneLighting":true,"audioPlay":false,"sceneViewState":{"m_AlwaysRefresh":false,"showFog":true,"showSkybox":false,"showFlares":true,"showImageEffects":true,"showParticleSystems":true,"showVisualEffectGraphs":true,"m_FxEnabled":true},"in2DMode":false,"pivot":{"x":-0.47155165672302248,"y":1.0444536209106446,"z":-0.2014756202697754},"rotation":{"x":0.00015886886103544384,"y":0.8397952914237976,"z":-0.5429120063781738,"w":0.00025029416428878903},"size":15.825318336486817,"orthographic":true}